期次,机场,得分,来源chunk
2023Q3,北京大兴国际机场,4.19,2023Q3-P09
2023Q3,深圳宝安国际机场,4.18,2023Q3-P09
2023Q3,上海虹桥国际机场,4.17,2023Q3-P09
2023Q3,厦门高崎国际机场,4.17,2023Q3-P09
2023Q3,广州白云国际机场,4.15,2023Q3-P09
2023Q3,重庆江北国际机场,4.15,2023Q3-P09
2023Q3,上海浦东国际机场,4.15,2023Q3-P09
2023Q3,南京禄口国际机场,4.14,2023Q3-P09
2023Q3,成都双流国际机场,4.14,2023Q3-P09
2023Q3,青岛胶东国际机场,4.13,2023Q3-P09
2023Q3,武汉天河国际机场,4.13,2023Q3-P09
2023Q3,长沙黄花国际机场,4.11,2023Q3-P09
2023Q3,成都天府国际机场,4.11,2023Q3-P09
2023Q3,北京首都国际机场,4.10,2023Q3-P09
2023Q3,杭州萧山国际机场,4.10,2023Q3-P09
2023Q3,海口美兰国际机场,4.09,2023Q3-P09
2023Q3,西安咸阳国际机场,4.09,2023Q3-P09
2023Q3,温州龙湾国际机场,4.08,2023Q3-P09
2023Q3,郑州新郑国际机场,4.07,2023Q3-P09
2023Q3,昆明长水国际机场,4.07,2023Q3-P09
2023Q3,三亚凤凰国际机场,4.06,2023Q3-P09
2023Q3,沈阳桃仙国际机场,4.06,2023Q3-P09
2023Q3,福州长乐国际机场,4.06,2023Q3-P09
2023Q3,合肥新桥国际机场,4.05,2023Q3-P09
2023Q3,大连国际机场,4.05,2023Q3-P09
2023Q3,天津滨海国际机场,4.05,2023Q3-P09
2023Q3,哈尔滨太平国际机场,4.04,2023Q3-P09
2023Q3,乌鲁木齐地窝堡国际机场,4.04,2023Q3-P09
2023Q3,贵阳龙洞堡国际机场,4.04,2023Q3-P09
2023Q3,宁波栎社国际机场,4.03,2023Q3-P09
2023Q3,太原武宿国际机场,4.03,2023Q3-P09
2023Q3,银川河东国际机场,4.03,2023Q3-P09
2023Q3,珠海金湾国际机场,4.03,2023Q3-P09
2023Q3,呼和浩特白塔国际机场,4.02,2023Q3-P09
2023Q3,济南遥墙国际机场,4.02,2023Q3-P09
2023Q3,烟台蓬莱国际机场,4.02,2023Q3-P09
2023Q3,长春龙嘉国际机场,4.01,2023Q3-P09
2023Q3,石家庄正定国际机场,4.01,2023Q3-P09
2023Q3,南宁吴圩国际机场,3.99,2023Q3-P09
2023Q3,南昌昌北国际机场,3.98,2023Q3-P09
2023Q3,兰州中川国际机场,3.96,2023Q3-P09
2024Q1,北京大兴国际机场,4.22,2024Q1-P09
2024Q1,深圳宝安国际机场,4.22,2024Q1-P09
2024Q1,上海虹桥国际机场,4.20,2024Q1-P09
2024Q1,厦门高崎国际机场,4.18,2024Q1-P09
2024Q1,重庆江北国际机场,4.18,2024Q1-P09
2024Q1,广州白云国际机场,4.18,2024Q1-P09
2024Q1,上海浦东国际机场,4.17,2024Q1-P09
2024Q1,武汉天河国际机场,4.16,2024Q1-P09
2024Q1,青岛胶东国际机场,4.16,2024Q1-P09
2024Q1,南京禄口国际机场,4.16,2024Q1-P09
2024Q1,成都双流国际机场,4.14,2024Q1-P09
2024Q1,杭州萧山国际机场,4.13,2024Q1-P09
2024Q1,长沙黄花国际机场,4.13,2024Q1-P09
2024Q1,成都天府国际机场,4.12,2024Q1-P09
2024Q1,西安咸阳国际机场,4.12,2024Q1-P09
2024Q1,北京首都国际机场,4.11,2024Q1-P09
2024Q1,温州龙湾国际机场,4.11,2024Q1-P09
2024Q1,海口美兰国际机场,4.10,2024Q1-P09
2024Q1,福州长乐国际机场,4.10,2024Q1-P09
2024Q1,沈阳桃仙国际机场,4.09,2024Q1-P09
2024Q1,宁波栎社国际机场,4.09,2024Q1-P09
2024Q1,郑州新郑国际机场,4.09,2024Q1-P09
2024Q1,天津滨海国际机场,4.09,2024Q1-P09
2024Q1,合肥新桥国际机场,4.08,2024Q1-P09
2024Q1,哈尔滨太平国际机场,4.08,2024Q1-P09
2024Q1,珠海金湾机场,4.08,2024Q1-P09
2024Q1,昆明长水国际机场,4.08,2024Q1-P09
2024Q1,大连国际机场,4.07,2024Q1-P09
2024Q1,三亚凤凰国际机场,4.07,2024Q1-P09
2024Q1,乌鲁木齐地窝堡国际机场,4.07,2024Q1-P09
2024Q1,银川河东国际机场,4.07,2024Q1-P09
2024Q1,烟台蓬莱国际机场,4.06,2024Q1-P09
2024Q1,长春龙嘉国际机场,4.06,2024Q1-P09
2024Q1,石家庄正定国际机场,4.05,2024Q1-P09
2024Q1,太原武宿国际机场,4.05,2024Q1-P09
2024Q1,贵阳龙洞堡国际机场,4.05,2024Q1-P09
2024Q1,南宁吴圩国际机场,4.05,2024Q1-P09
2024Q1,呼和浩特白塔国际机场,4.05,2024Q1-P09
2024Q1,济南遥墙国际机场,4.04,2024Q1-P09
2024Q1,南昌昌北国际机场,4.03,2024Q1-P09
2024Q1,兰州中川国际机场,4.02,2024Q1-P09
2024Q2,北京大兴国际机场,4.19,2024Q2-P09
2024Q2,上海虹桥国际机场,4.18,2024Q2-P09
2024Q2,深圳宝安国际机场,4.18,2024Q2-P09
2024Q2,上海浦东国际机场,4.16,2024Q2-P09
2024Q2,重庆江北国际机场,4.16,2024Q2-P09
2024Q2,厦门高崎国际机场,4.15,2024Q2-P09
2024Q2,广州白云国际机场,4.14,2024Q2-P09
2024Q2,青岛胶东国际机场,4.13,2024Q2-P09
2024Q2,武汉天河国际机场,4.13,2024Q2-P09
2024Q2,南京禄口国际机场,4.13,2024Q2-P09
2024Q2,成都天府国际机场,4.12,2024Q2-P09
2024Q2,长沙黄花国际机场,4.12,2024Q2-P09
2024Q2,成都双流国际机场,4.12,2024Q2-P09
2024Q2,北京首都国际机场,4.11,2024Q2-P09
2024Q2,杭州萧山国际机场,4.11,2024Q2-P09
2024Q2,西安咸阳国际机场,4.10,2024Q2-P09
2024Q2,福州长乐国际机场,4.09,2024Q2-P09
2024Q2,沈阳桃仙国际机场,4.09,2024Q2-P09
2024Q2,温州龙湾国际机场,4.08,2024Q2-P09
2024Q2,大连国际机场,4.08,2024Q2-P09
2024Q2,天津滨海国际机场,4.08,2024Q2-P09
2024Q2,乌鲁木齐地窝堡国际机场,4.08,2024Q2-P09
2024Q2,合肥新桥国际机场,4.07,2024Q2-P09
2024Q2,宁波栎社国际机场,4.07,2024Q2-P09
2024Q2,昆明长水国际机场,4.07,2024Q2-P09
2024Q2,海口美兰国际机场,4.06,2024Q2-P09
2024Q2,长春龙嘉国际机场,4.06,2024Q2-P09
2024Q2,郑州新郑国际机场,4.06,2024Q2-P09
2024Q2,哈尔滨太平国际机场,4.05,2024Q2-P09
2024Q2,珠海金湾机场,4.05,2024Q2-P09
2024Q2,太原武宿国际机场,4.04,2024Q2-P09
2024Q2,三亚凤凰国际机场,4.04,2024Q2-P09
2024Q2,贵阳龙洞堡国际机场,4.04,2024Q2-P09
2024Q2,呼和浩特白塔国际机场,4.04,2024Q2-P09
2024Q2,烟台蓬莱国际机场,4.04,2024Q2-P09
2024Q2,济南遥墙国际机场,4.03,2024Q2-P09
2024Q2,银川河东国际机场,4.03,2024Q2-P09
2024Q2,南宁吴圩国际机场,4.02,2024Q2-P09
2024Q2,石家庄正定国际机场,4.01,2024Q2-P09
2024Q2,兰州中川国际机场,4.00,2024Q2-P09
2024Q2,南昌昌北国际机场,3.97,2024Q2-P09
2024Q3,北京大兴国际机场,4.17,2024Q3-P09
2024Q3,上海虹桥国际机场,4.16,2024Q3-P09
2024Q3,厦门高崎国际机场,4.16,2024Q3-P09
2024Q3,深圳宝安国际机场,4.15,2024Q3-P09
2024Q3,上海浦东国际机场,4.14,2024Q3-P09
2024Q3,重庆江北国际机场,4.14,2024Q3-P09
2024Q3,南京禄口国际机场,4.13,2024Q3-P09
2024Q3,武汉天河国际机场,4.12,2024Q3-P09
2024Q3,广州白云国际机场,4.11,2024Q3-P09
2024Q3,青岛胶东国际机场,4.11,2024Q3-P09
2024Q3,成都天府国际机场,4.10,2024Q3-P09
2024Q3,成都双流国际机场,4.10,2024Q3-P09
2024Q3,北京首都国际机场,4.10,2024Q3-P09
2024Q3,长沙黄花国际机场,4.09,2024Q3-P09
2024Q3,杭州萧山国际机场,4.09,2024Q3-P09
2024Q3,沈阳桃仙国际机场,4.07,2024Q3-P09
2024Q3,福州长乐国际机场,4.07,2024Q3-P09
2024Q3,西安咸阳国际机场,4.07,2024Q3-P09
2024Q3,乌鲁木齐地窝堡国际机场,4.06,2024Q3-P09
2024Q3,温州龙湾国际机场,4.06,2024Q3-P09
2024Q3,宁波栎社国际机场,4.06,2024Q3-P09
2024Q3,郑州新郑国际机场,4.05,2024Q3-P09
2024Q3,昆明长水国际机场,4.05,2024Q3-P09
2024Q3,天津滨海国际机场,4.05,2024Q3-P09
2024Q3,海口美兰国际机场,4.05,2024Q3-P09
2024Q3,三亚凤凰国际机场,4.04,2024Q3-P09
2024Q3,合肥新桥国际机场,4.04,2024Q3-P09
2024Q3,大连国际机场,4.04,2024Q3-P09
2024Q3,贵阳龙洞堡国际机场,4.04,2024Q3-P09
2024Q3,烟台蓬莱国际机场,4.03,2024Q3-P09
2024Q3,珠海金湾机场,4.03,2024Q3-P09
2024Q3,哈尔滨太平国际机场,4.03,2024Q3-P09
2024Q3,济南遥墙国际机场,4.03,2024Q3-P09
2024Q3,长春龙嘉国际机场,4.02,2024Q3-P09
2024Q3,银川河东国际机场,4.02,2024Q3-P09
2024Q3,南宁吴圩国际机场,4.02,2024Q3-P09
2024Q3,石家庄正定国际机场,4.01,2024Q3-P09
2024Q3,太原武宿国际机场,4.01,2024Q3-P09
2024Q3,呼和浩特白塔国际机场,3.99,2024Q3-P09
2024Q3,南昌昌北国际机场,3.99,2024Q3-P09
2024Q3,兰州中川国际机场,3.96,2024Q3-P09
2024Q4,北京大兴国际机场,4.24,2024Q4-P09
2024Q4,深圳宝安国际机场,4.23,2024Q4-P09
2024Q4,上海虹桥国际机场,4.22,2024Q4-P09
2024Q4,厦门高崎国际机场,4.21,2024Q4-P09
2024Q4,上海浦东国际机场,4.19,2024Q4-P09
2024Q4,重庆江北国际机场,4.19,2024Q4-P09
2024Q4,南京禄口国际机场,4.18,2024Q4-P09
2024Q4,青岛胶东国际机场,4.18,2024Q4-P09
2024Q4,广州白云国际机场,4.17,2024Q4-P09
2024Q4,武汉天河国际机场,4.17,2024Q4-P09
2024Q4,成都天府国际机场,4.17,2024Q4-P09
2024Q4,成都双流国际机场,4.16,2024Q4-P09
2024Q4,北京首都国际机场,4.15,2024Q4-P09
2024Q4,杭州萧山国际机场,4.15,2024Q4-P09
2024Q4,福州长乐国际机场,4.14,2024Q4-P09
2024Q4,长沙黄花国际机场,4.14,2024Q4-P09
2024Q4,西安咸阳国际机场,4.14,2024Q4-P09
2024Q4,沈阳桃仙国际机场,4.13,2024Q4-P09
2024Q4,宁波栎社国际机场,4.12,2024Q4-P09
2024Q4,温州龙湾国际机场,4.11,2024Q4-P09
2024Q4,大连国际机场,4.11,2024Q4-P09
2024Q4,海口美兰国际机场,4.10,2024Q4-P09
2024Q4,天津滨海国际机场,4.10,2024Q4-P09
2024Q4,郑州新郑国际机场,4.10,2024Q4-P09
2024Q4,昆明长水国际机场,4.10,2024Q4-P09
2024Q4,珠海金湾机场,4.09,2024Q4-P09
2024Q4,乌鲁木齐地窝堡国际机场,4.09,2024Q4-P09
2024Q4,银川河东国际机场,4.09,2024Q4-P09
2024Q4,济南遥墙国际机场,4.09,2024Q4-P09
2024Q4,三亚凤凰国际机场,4.08,2024Q4-P09
2024Q4,合肥新桥国际机场,4.08,2024Q4-P09
2024Q4,贵阳龙洞堡国际机场,4.08,2024Q4-P09
2024Q4,长春龙嘉国际机场,4.08,2024Q4-P09
2024Q4,哈尔滨太平国际机场,4.08,2024Q4-P09
2024Q4,呼和浩特白塔国际机场,4.08,2024Q4-P09
2024Q4,南昌昌北国际机场,4.07,2024Q4-P09
2024Q4,烟台蓬莱国际机场,4.07,2024Q4-P09
2024Q4,太原武宿国际机场,4.06,2024Q4-P09
2024Q4,南宁吴圩国际机场,4.05,2024Q4-P09
2024Q4,石家庄正定国际机场,4.03,2024Q4-P09
2024Q4,兰州中川国际机场,4.00,2024Q4-P09
2025Q1,北京大兴国际机场,4.27,2025Q1-P09
2025Q1,深圳宝安国际机场,4.24,2025Q1-P09
2025Q1,上海虹桥国际机场,4.22,2025Q1-P09
2025Q1,厦门高崎国际机场,4.21,2025Q1-P09
2025Q1,青岛胶东国际机场,4.20,2025Q1-P09
2025Q1,南京禄口国际机场,4.20,2025Q1-P09
2025Q1,上海浦东国际机场,4.19,2025Q1-P09
2025Q1,重庆江北国际机场,4.19,2025Q1-P09
2025Q1,广州白云国际机场,4.18,2025Q1-P09
2025Q1,武汉天河国际机场,4.17,2025Q1-P09
2025Q1,成都天府国际机场,4.17,2025Q1-P09
2025Q1,成都双流国际机场,4.16,2025Q1-P09
2025Q1,杭州萧山国际机场,4.15,2025Q1-P09
2025Q1,无锡硕放国际机场,4.15,2025Q1-P09
2025Q1,西安咸阳国际机场,4.14,2025Q1-P09
2025Q1,沈阳桃仙国际机场,4.14,2025Q1-P09
2025Q1,福州长乐国际机场,4.14,2025Q1-P09
2025Q1,长沙黄花国际机场,4.13,2025Q1-P09
2025Q1,北京首都国际机场,4.13,2025Q1-P09
2025Q1,宁波栎社国际机场,4.12,2025Q1-P09
2025Q1,大连国际机场,4.12,2025Q1-P09
2025Q1,温州龙湾国际机场,4.12,2025Q1-P09
2025Q1,郑州新郑国际机场,4.12,2025Q1-P09
2025Q1,乌鲁木齐天山国际机场,4.11,2025Q1-P09
2025Q1,海口美兰国际机场,4.10,2025Q1-P09
2025Q1,天津滨海国际机场,4.10,2025Q1-P09
2025Q1,昆明长水国际机场,4.10,2025Q1-P09
2025Q1,珠海金湾机场,4.09,2025Q1-P09
2025Q1,济南遥墙国际机场,4.09,2025Q1-P09
2025Q1,呼和浩特白塔国际机场,4.09,2025Q1-P09
2025Q1,贵阳龙洞堡国际机场,4.09,2025Q1-P09
2025Q1,合肥新桥国际机场,4.09,2025Q1-P09
2025Q1,烟台蓬莱国际机场,4.09,2025Q1-P09
2025Q1,银川河东国际机场,4.08,2025Q1-P09
2025Q1,南宁吴圩国际机场,4.07,2025Q1-P09
2025Q1,哈尔滨太平国际机场,4.07,2025Q1-P09
2025Q1,长春龙嘉国际机场,4.07,2025Q1-P09
2025Q1,三亚凤凰国际机场,4.06,2025Q1-P09
2025Q1,石家庄正定国际机场,4.05,2025Q1-P09
2025Q1,南昌昌北国际机场,4.05,2025Q1-P09
2025Q1,太原武宿国际机场,4.01,2025Q1-P09
2025Q1,兰州中川国际机场,3.98,2025Q1-P09
2025Q2,北京大兴国际机场,4.29,2025Q2-P09
2025Q2,深圳宝安国际机场,4.26,2025Q2-P09
2025Q2,上海虹桥国际机场,4.24,2025Q2-P09
2025Q2,厦门高崎国际机场,4.23,2025Q2-P09
2025Q2,上海浦东国际机场,4.22,2025Q2-P09
2025Q2,青岛胶东国际机场,4.22,2025Q2-P09
2025Q2,南京禄口国际机场,4.21,2025Q2-P09
2025Q2,重庆江北国际机场,4.21,2025Q2-P09
2025Q2,广州白云国际机场,4.19,2025Q2-P09
2025Q2,武汉天河国际机场,4.19,2025Q2-P09
2025Q2,成都天府国际机场,4.18,2025Q2-P09
2025Q2,成都双流国际机场,4.18,2025Q2-P09
2025Q2,杭州萧山国际机场,4.17,2025Q2-P09
2025Q2,西安咸阳国际机场,4.16,2025Q2-P09
2025Q2,沈阳桃仙国际机场,4.16,2025Q2-P09
2025Q2,福州长乐国际机场,4.15,2025Q2-P09
2025Q2,无锡硕放国际机场,4.15,2025Q2-P09
2025Q2,宁波栎社国际机场,4.14,2025Q2-P09
2025Q2,北京首都国际机场,4.14,2025Q2-P09
2025Q2,天津滨海国际机场,4.13,2025Q2-P09
2025Q2,乌鲁木齐天山国际机场,4.13,2025Q2-P09
2025Q2,长沙黄花国际机场,4.13,2025Q2-P09
2025Q2,郑州新郑国际机场,4.13,2025Q2-P09
2025Q2,贵阳龙洞堡国际机场,4.12,2025Q2-P09
2025Q2,昆明长水国际机场,4.12,2025Q2-P09
2025Q2,大连国际机场,4.11,2025Q2-P09
2025Q2,温州龙湾国际机场,4.10,2025Q2-P09
2025Q2,济南遥墙国际机场,4.10,2025Q2-P09
2025Q2,珠海金湾机场,4.10,2025Q2-P09
2025Q2,海口美兰国际机场,4.09,2025Q2-P09
2025Q2,烟台蓬莱国际机场,4.09,2025Q2-P09
2025Q2,长春龙嘉国际机场,4.09,2025Q2-P09
2025Q2,合肥新桥国际机场,4.09,2025Q2-P09
2025Q2,哈尔滨太平国际机场,4.09,2025Q2-P09
2025Q2,银川河东国际机场,4.09,2025Q2-P09
2025Q2,三亚凤凰国际机场,4.08,2025Q2-P09
2025Q2,呼和浩特白塔国际机场,4.08,2025Q2-P09
2025Q2,南宁吴圩国际机场,4.07,2025Q2-P09
2025Q2,石家庄正定国际机场,4.06,2025Q2-P09
2025Q2,太原武宿国际机场,4.04,2025Q2-P09
2025Q2,兰州中川国际机场,4.04,2025Q2-P09
2025Q2,南昌昌北国际机场,4.04,2025Q2-P09
2025Q3,北京大兴国际机场,4.30,2025Q3-P09
2025Q3,深圳宝安国际机场,4.27,2025Q3-P09
2025Q3,上海虹桥国际机场,4.26,2025Q3-P09
2025Q3,厦门高崎国际机场,4.24,2025Q3-P09
2025Q3,南京禄口国际机场,4.23,2025Q3-P09
2025Q3,上海浦东国际机场,4.23,2025Q3-P09
2025Q3,重庆江北国际机场,4.22,2025Q3-P09
2025Q3,青岛胶东国际机场,4.22,2025Q3-P09
2025Q3,武汉天河国际机场,4.21,2025Q3-P09
2025Q3,广州白云国际机场,4.21,2025Q3-P09
2025Q3,成都天府国际机场,4.20,2025Q3-P09
2025Q3,杭州萧山国际机场,4.19,2025Q3-P09
2025Q3,成都双流国际机场,4.19,2025Q3-P09
2025Q3,西安咸阳国际机场,4.19,2025Q3-P09
2025Q3,无锡硕放国际机场,4.17,2025Q3-P09
2025Q3,福州长乐国际机场,4.17,2025Q3-P09
2025Q3,宁波栎社国际机场,4.16,2025Q3-P09
2025Q3,乌鲁木齐天山国际机场,4.16,2025Q3-P09
2025Q3,长沙黄花国际机场,4.15,2025Q3-P09
2025Q3,沈阳桃仙国际机场,4.15,2025Q3-P09
2025Q3,北京首都国际机场,4.15,2025Q3-P09
2025Q3,大连国际机场,4.14,2025Q3-P09
2025Q3,郑州新郑国际机场,4.13,2025Q3-P09
2025Q3,济南遥墙国际机场,4.13,2025Q3-P09
2025Q3,昆明长水国际机场,4.13,2025Q3-P09
2025Q3,贵阳龙洞堡国际机场,4.12,2025Q3-P09
2025Q3,天津滨海国际机场,4.12,2025Q3-P09
2025Q3,烟台蓬莱国际机场,4.11,2025Q3-P09
2025Q3,温州龙湾国际机场,4.11,2025Q3-P09
2025Q3,珠海金湾机场,4.11,2025Q3-P09
2025Q3,海口美兰国际机场,4.10,2025Q3-P09
2025Q3,呼和浩特白塔国际机场,4.10,2025Q3-P09
2025Q3,长春龙嘉国际机场,4.10,2025Q3-P09
2025Q3,银川河东国际机场,4.10,2025Q3-P09
2025Q3,合肥新桥国际机场,4.09,2025Q3-P09
2025Q3,哈尔滨太平国际机场,4.09,2025Q3-P09
2025Q3,兰州中川国际机场,4.09,2025Q3-P09
2025Q3,三亚凤凰国际机场,4.09,2025Q3-P09
2025Q3,石家庄正定国际机场,4.08,2025Q3-P09
2025Q3,南宁吴圩国际机场,4.07,2025Q3-P09
2025Q3,太原武宿国际机场,4.04,2025Q3-P09
2025Q3,南昌昌北国际机场,4.02,2025Q3-P09
2025Q4,北京大兴国际机场,4.28,2025Q4-P09
2025Q4,深圳宝安国际机场,4.27,2025Q4-P09
2025Q4,上海虹桥国际机场,4.25,2025Q4-P09
2025Q4,厦门高崎国际机场,4.25,2025Q4-P09
2025Q4,上海浦东国际机场,4.23,2025Q4-P09
2025Q4,南京禄口国际机场,4.22,2025Q4-P09
2025Q4,青岛胶东国际机场,4.22,2025Q4-P09
2025Q4,重庆江北国际机场,4.21,2025Q4-P09
2025Q4,武汉天河国际机场,4.21,2025Q4-P09
2025Q4,广州白云国际机场,4.20,2025Q4-P09
2025Q4,成都天府国际机场,4.20,2025Q4-P09
2025Q4,成都双流国际机场,4.20,2025Q4-P09
2025Q4,杭州萧山国际机场,4.19,2025Q4-P09
2025Q4,西安咸阳国际机场,4.18,2025Q4-P09
2025Q4,无锡硕放国际机场,4.17,2025Q4-P09
2025Q4,宁波栎社国际机场,4.17,2025Q4-P09
2025Q4,沈阳桃仙国际机场,4.16,2025Q4-P09
2025Q4,大连国际机场,4.16,2025Q4-P09
2025Q4,福州长乐国际机场,4.16,2025Q4-P09
2025Q4,长沙黄花国际机场,4.15,2025Q4-P09
2025Q4,乌鲁木齐天山国际机场,4.15,2025Q4-P09
2025Q4,北京首都国际机场,4.14,2025Q4-P09
2025Q4,郑州新郑国际机场,4.14,2025Q4-P09
2025Q4,昆明长水国际机场,4.13,2025Q4-P09
2025Q4,天津滨海国际机场,4.13,2025Q4-P09
2025Q4,贵阳龙洞堡国际机场,4.13,2025Q4-P09
2025Q4,温州龙湾国际机场,4.13,2025Q4-P09
2025Q4,银川河东国际机场,4.12,2025Q4-P09
2025Q4,烟台蓬莱国际机场,4.12,2025Q4-P09
2025Q4,济南遥墙国际机场,4.12,2025Q4-P09
2025Q4,石家庄正定国际机场,4.11,2025Q4-P09
2025Q4,呼和浩特白塔国际机场,4.11,2025Q4-P09
2025Q4,海口美兰国际机场,4.11,2025Q4-P09
2025Q4,珠海金湾机场,4.10,2025Q4-P09
2025Q4,长春龙嘉国际机场,4.10,2025Q4-P09
2025Q4,哈尔滨太平国际机场,4.10,2025Q4-P09
2025Q4,兰州中川国际机场,4.10,2025Q4-P09
2025Q4,三亚凤凰国际机场,4.09,2025Q4-P09
2025Q4,合肥新桥国际机场,4.09,2025Q4-P09
2025Q4,南宁吴圩国际机场,4.08,2025Q4-P09
2025Q4,南昌昌北国际机场,4.05,2025Q4-P09
2025Q4,太原武宿国际机场,4.05,2025Q4-P09
