期次,指标,机场,得分
2025Q4,机场交通,深圳宝安国际机场,4.53
2025Q4,机场交通,重庆江北国际机场,4.52
2025Q4,机场交通,上海虹桥国际机场,4.49
2025Q4,机场交通,成都双流国际机场,4.48
2025Q4,机场交通,上海浦东国际机场,4.46
2025Q4,机场交通,西安咸阳国际机场,4.45
2025Q4,机场交通,北京大兴国际机场,4.44
2025Q4,机场交通,大连国际机场,4.44
2025Q4,机场交通,乌鲁木齐天山国际机场,4.43
2025Q4,机场交通,南京禄口国际机场,4.43
2025Q4,机场交通,厦门高崎国际机场,4.42
2025Q4,机场交通,青岛胶东国际机场,4.42
2025Q4,机场交通,无锡硕放国际机场,4.42
2025Q4,机场交通,长沙黄花国际机场,4.41
2025Q4,机场交通,天津滨海国际机场,4.41
2025Q4,机场交通,宁波栎社国际机场,4.41
2025Q4,机场交通,昆明长水国际机场,4.40
2025Q4,机场交通,杭州萧山国际机场,4.40
2025Q4,机场交通,武汉天河国际机场,4.38
2025Q4,机场交通,沈阳桃仙国际机场,4.37
2025Q4,机场交通,郑州新郑国际机场,4.36
2025Q4,机场交通,广州白云国际机场,4.36
2025Q4,机场交通,贵阳龙洞堡国际机场,4.35
2025Q4,机场交通,北京首都国际机场,4.34
2025Q4,机场交通,银川河东国际机场,4.34
2025Q4,机场交通,成都天府国际机场,4.33
2025Q4,机场交通,三亚凤凰国际机场,4.33
2025Q4,机场交通,太原武宿国际机场,4.32
2025Q4,机场交通,海口美兰国际机场,4.32
2025Q4,机场交通,福州长乐国际机场,4.31
2025Q4,机场交通,呼和浩特白塔国际机场,4.30
2025Q4,机场交通,哈尔滨太平国际机场,4.30
2025Q4,机场交通,兰州中川国际机场,4.29
2025Q4,机场交通,温州龙湾国际机场,4.29
2025Q4,机场交通,长春龙嘉国际机场,4.29
2025Q4,机场交通,珠海金湾机场,4.28
2025Q4,机场交通,南宁吴圩国际机场,4.27
2025Q4,机场交通,济南遥墙国际机场,4.24
2025Q4,机场交通,石家庄正定国际机场,4.21
2025Q4,机场交通,合肥新桥国际机场,4.19
2025Q4,机场交通,烟台蓬莱国际机场,4.18
2025Q4,机场交通,南昌昌北国际机场,4.16
2025Q4,机场服务与设施,深圳宝安国际机场,4.51
2025Q4,机场服务与设施,成都天府国际机场,4.50
2025Q4,机场服务与设施,北京大兴国际机场,4.50
2025Q4,机场服务与设施,青岛胶东国际机场,4.48
2025Q4,机场服务与设施,广州白云国际机场,4.47
2025Q4,机场服务与设施,上海虹桥国际机场,4.46
2025Q4,机场服务与设施,南京禄口国际机场,4.45
2025Q4,机场服务与设施,上海浦东国际机场,4.44
2025Q4,机场服务与设施,武汉天河国际机场,4.43
2025Q4,机场服务与设施,厦门高崎国际机场,4.43
2025Q4,机场服务与设施,重庆江北国际机场,4.43
2025Q4,机场服务与设施,杭州萧山国际机场,4.42
2025Q4,机场服务与设施,成都双流国际机场,4.41
2025Q4,机场服务与设施,郑州新郑国际机场,4.40
2025Q4,机场服务与设施,沈阳桃仙国际机场,4.40
2025Q4,机场服务与设施,宁波栎社国际机场,4.39
2025Q4,机场服务与设施,北京首都国际机场,4.39
2025Q4,机场服务与设施,西安咸阳国际机场,4.38
2025Q4,机场服务与设施,济南遥墙国际机场,4.38
2025Q4,机场服务与设施,昆明长水国际机场,4.38
2025Q4,机场服务与设施,无锡硕放国际机场,4.37
2025Q4,机场服务与设施,温州龙湾国际机场,4.37
2025Q4,机场服务与设施,长沙黄花国际机场,4.37
2025Q4,机场服务与设施,石家庄正定国际机场,4.36
2025Q4,机场服务与设施,兰州中川国际机场,4.36
2025Q4,机场服务与设施,烟台蓬莱国际机场,4.36
2025Q4,机场服务与设施,银川河东国际机场,4.35
2025Q4,机场服务与设施,福州长乐国际机场,4.35
2025Q4,机场服务与设施,哈尔滨太平国际机场,4.34
2025Q4,机场服务与设施,海口美兰国际机场,4.33
2025Q4,机场服务与设施,呼和浩特白塔国际机场,4.33
2025Q4,机场服务与设施,贵阳龙洞堡国际机场,4.33
2025Q4,机场服务与设施,合肥新桥国际机场,4.32
2025Q4,机场服务与设施,长春龙嘉国际机场,4.32
2025Q4,机场服务与设施,天津滨海国际机场,4.32
2025Q4,机场服务与设施,大连国际机场,4.31
2025Q4,机场服务与设施,南宁吴圩国际机场,4.31
2025Q4,机场服务与设施,乌鲁木齐天山国际机场,4.30
2025Q4,机场服务与设施,珠海金湾机场,4.28
2025Q4,机场服务与设施,南昌昌北国际机场,4.27
2025Q4,机场服务与设施,三亚凤凰国际机场,4.23
2025Q4,机场服务与设施,太原武宿国际机场,4.21
2025Q4,机场商贸,北京大兴国际机场,3.90
2025Q4,机场商贸,深圳宝安国际机场,3.89
2025Q4,机场商贸,厦门高崎国际机场,3.83
2025Q4,机场商贸,广州白云国际机场,3.79
2025Q4,机场商贸,上海虹桥国际机场,3.76
2025Q4,机场商贸,重庆江北国际机场,3.76
2025Q4,机场商贸,青岛胶东国际机场,3.75
2025Q4,机场商贸,西安咸阳国际机场,3.74
2025Q4,机场商贸,上海浦东国际机场,3.74
2025Q4,机场商贸,成都双流国际机场,3.74
2025Q4,机场商贸,南京禄口国际机场,3.73
2025Q4,机场商贸,成都天府国际机场,3.73
2025Q4,机场商贸,杭州萧山国际机场,3.72
2025Q4,机场商贸,北京首都国际机场,3.72
2025Q4,机场商贸,武汉天河国际机场,3.71
2025Q4,机场商贸,天津滨海国际机场,3.70
2025Q4,机场商贸,长沙黄花国际机场,3.70
2025Q4,机场商贸,沈阳桃仙国际机场,3.69
2025Q4,机场商贸,石家庄正定国际机场,3.68
2025Q4,机场商贸,郑州新郑国际机场,3.67
2025Q4,机场商贸,海口美兰国际机场,3.65
2025Q4,机场商贸,珠海金湾机场,3.65
2025Q4,机场商贸,三亚凤凰国际机场,3.64
2025Q4,机场商贸,昆明长水国际机场,3.63
2025Q4,机场商贸,兰州中川国际机场,3.63
2025Q4,机场商贸,呼和浩特白塔国际机场,3.63
2025Q4,机场商贸,无锡硕放国际机场,3.62
2025Q4,机场商贸,福州长乐国际机场,3.62
2025Q4,机场商贸,乌鲁木齐天山国际机场,3.60
2025Q4,机场商贸,贵阳龙洞堡国际机场,3.59
2025Q4,机场商贸,宁波栎社国际机场,3.59
2025Q4,机场商贸,大连国际机场,3.58
2025Q4,机场商贸,合肥新桥国际机场,3.56
2025Q4,机场商贸,哈尔滨太平国际机场,3.55
2025Q4,机场商贸,烟台蓬莱国际机场,3.54
2025Q4,机场商贸,太原武宿国际机场,3.51
2025Q4,机场商贸,温州龙湾国际机场,3.49
2025Q4,机场商贸,济南遥墙国际机场,3.48
2025Q4,机场商贸,银川河东国际机场,3.47
2025Q4,机场商贸,南昌昌北国际机场,3.46
2025Q4,机场商贸,长春龙嘉国际机场,3.45
2025Q4,机场商贸,南宁吴圩国际机场,3.43
2025Q4,机场安检,厦门高崎国际机场,4.21
2025Q4,机场安检,大连国际机场,4.21
2025Q4,机场安检,南京禄口国际机场,4.14
2025Q4,机场安检,上海虹桥国际机场,4.13
2025Q4,机场安检,北京大兴国际机场,4.13
2025Q4,机场安检,福州长乐国际机场,4.12
2025Q4,机场安检,青岛胶东国际机场,4.12
2025Q4,机场安检,上海浦东国际机场,4.11
2025Q4,机场安检,深圳宝安国际机场,4.11
2025Q4,机场安检,乌鲁木齐天山国际机场,4.10
2025Q4,机场安检,武汉天河国际机场,4.10
2025Q4,机场安检,成都天府国际机场,4.10
2025Q4,机场安检,呼和浩特白塔国际机场,4.09
2025Q4,机场安检,郑州新郑国际机场,4.09
2025Q4,机场安检,宁波栎社国际机场,4.08
2025Q4,机场安检,昆明长水国际机场,4.08
2025Q4,机场安检,北京首都国际机场,4.07
2025Q4,机场安检,银川河东国际机场,4.07
2025Q4,机场安检,重庆江北国际机场,4.06
2025Q4,机场安检,成都双流国际机场,4.06
2025Q4,机场安检,沈阳桃仙国际机场,4.06
2025Q4,机场安检,三亚凤凰国际机场,4.06
2025Q4,机场安检,无锡硕放国际机场,4.05
2025Q4,机场安检,西安咸阳国际机场,4.05
2025Q4,机场安检,烟台蓬莱国际机场,4.05
2025Q4,机场安检,杭州萧山国际机场,4.05
2025Q4,机场安检,广州白云国际机场,4.04
2025Q4,机场安检,兰州中川国际机场,4.03
2025Q4,机场安检,济南遥墙国际机场,4.02
2025Q4,机场安检,长沙黄花国际机场,4.02
2025Q4,机场安检,哈尔滨太平国际机场,4.01
2025Q4,机场安检,太原武宿国际机场,4.01
2025Q4,机场安检,石家庄正定国际机场,4.00
2025Q4,机场安检,珠海金湾机场,4.00
2025Q4,机场安检,海口美兰国际机场,3.98
2025Q4,机场安检,温州龙湾国际机场,3.96
2025Q4,机场安检,南昌昌北国际机场,3.95
2025Q4,机场安检,长春龙嘉国际机场,3.95
2025Q4,机场安检,天津滨海国际机场,3.93
2025Q4,机场安检,贵阳龙洞堡国际机场,3.93
2025Q4,机场安检,南宁吴圩国际机场,3.92
2025Q4,机场安检,合肥新桥国际机场,3.91
2025Q4,出港服务,银川河东国际机场,4.51
2025Q4,出港服务,宁波栎社国际机场,4.47
2025Q4,出港服务,无锡硕放国际机场,4.46
2025Q4,出港服务,呼和浩特白塔国际机场,4.45
2025Q4,出港服务,上海虹桥国际机场,4.45
2025Q4,出港服务,武汉天河国际机场,4.44
2025Q4,出港服务,北京大兴国际机场,4.44
2025Q4,出港服务,温州龙湾国际机场,4.44
2025Q4,出港服务,南京禄口国际机场,4.43
2025Q4,出港服务,厦门高崎国际机场,4.43
2025Q4,出港服务,烟台蓬莱国际机场,4.43
2025Q4,出港服务,长春龙嘉国际机场,4.43
2025Q4,出港服务,济南遥墙国际机场,4.42
2025Q4,出港服务,珠海金湾机场,4.42
2025Q4,出港服务,长沙黄花国际机场,4.42
2025Q4,出港服务,南昌昌北国际机场,4.41
2025Q4,出港服务,合肥新桥国际机场,4.41
2025Q4,出港服务,成都双流国际机场,4.41
2025Q4,出港服务,太原武宿国际机场,4.40
2025Q4,出港服务,福州长乐国际机场,4.40
2025Q4,出港服务,郑州新郑国际机场,4.40
2025Q4,出港服务,沈阳桃仙国际机场,4.39
2025Q4,出港服务,南宁吴圩国际机场,4.39
2025Q4,出港服务,哈尔滨太平国际机场,4.38
2025Q4,出港服务,天津滨海国际机场,4.38
2025Q4,出港服务,青岛胶东国际机场,4.38
2025Q4,出港服务,重庆江北国际机场,4.37
2025Q4,出港服务,兰州中川国际机场,4.37
2025Q4,出港服务,大连国际机场,4.37
2025Q4,出港服务,杭州萧山国际机场,4.37
2025Q4,出港服务,乌鲁木齐天山国际机场,4.36
2025Q4,出港服务,广州白云国际机场,4.36
2025Q4,出港服务,三亚凤凰国际机场,4.36
2025Q4,出港服务,西安咸阳国际机场,4.35
2025Q4,出港服务,石家庄正定国际机场,4.35
2025Q4,出港服务,贵阳龙洞堡国际机场,4.35
2025Q4,出港服务,深圳宝安国际机场,4.34
2025Q4,出港服务,上海浦东国际机场,4.32
2025Q4,出港服务,海口美兰国际机场,4.31
2025Q4,出港服务,北京首都国际机场,4.30
2025Q4,出港服务,成都天府国际机场,4.30
2025Q4,出港服务,昆明长水国际机场,4.29
2025Q4,进港服务,福州长乐国际机场,4.36
2025Q4,进港服务,武汉天河国际机场,4.35
2025Q4,进港服务,合肥新桥国际机场,4.33
2025Q4,进港服务,北京大兴国际机场,4.32
2025Q4,进港服务,宁波栎社国际机场,4.31
2025Q4,进港服务,厦门高崎国际机场,4.30
2025Q4,进港服务,无锡硕放国际机场,4.30
2025Q4,进港服务,银川河东国际机场,4.30
2025Q4,进港服务,上海虹桥国际机场,4.29
2025Q4,进港服务,南宁吴圩国际机场,4.29
2025Q4,进港服务,上海浦东国际机场,4.28
2025Q4,进港服务,成都天府国际机场,4.28
2025Q4,进港服务,南京禄口国际机场,4.28
2025Q4,进港服务,南昌昌北国际机场,4.27
2025Q4,进港服务,青岛胶东国际机场,4.27
2025Q4,进港服务,长春龙嘉国际机场,4.27
2025Q4,进港服务,深圳宝安国际机场,4.27
2025Q4,进港服务,杭州萧山国际机场,4.26
2025Q4,进港服务,石家庄正定国际机场,4.26
2025Q4,进港服务,温州龙湾国际机场,4.26
2025Q4,进港服务,珠海金湾机场,4.26
2025Q4,进港服务,重庆江北国际机场,4.26
2025Q4,进港服务,长沙黄花国际机场,4.25
2025Q4,进港服务,济南遥墙国际机场,4.24
2025Q4,进港服务,贵阳龙洞堡国际机场,4.24
2025Q4,进港服务,天津滨海国际机场,4.24
2025Q4,进港服务,哈尔滨太平国际机场,4.23
2025Q4,进港服务,广州白云国际机场,4.23
2025Q4,进港服务,沈阳桃仙国际机场,4.22
2025Q4,进港服务,兰州中川国际机场,4.22
2025Q4,进港服务,成都双流国际机场,4.21
2025Q4,进港服务,西安咸阳国际机场,4.20
2025Q4,进港服务,海口美兰国际机场,4.20
2025Q4,进港服务,呼和浩特白塔国际机场,4.19
2025Q4,进港服务,烟台蓬莱国际机场,4.19
2025Q4,进港服务,郑州新郑国际机场,4.17
2025Q4,进港服务,大连国际机场,4.17
2025Q4,进港服务,三亚凤凰国际机场,4.15
2025Q4,进港服务,昆明长水国际机场,4.14
2025Q4,进港服务,北京首都国际机场,4.11
2025Q4,进港服务,乌鲁木齐天山国际机场,4.09
2025Q4,进港服务,太原武宿国际机场,4.08
2025Q4,航班不正常保障,北京大兴国际机场,3.52
2025Q4,航班不正常保障,上海浦东国际机场,3.46
2025Q4,航班不正常保障,乌鲁木齐天山国际机场,3.44
2025Q4,航班不正常保障,上海虹桥国际机场,3.43
2025Q4,航班不正常保障,厦门高崎国际机场,3.40
2025Q4,航班不正常保障,深圳宝安国际机场,3.39
2025Q4,航班不正常保障,贵阳龙洞堡国际机场,3.36
2025Q4,航班不正常保障,大连国际机场,3.34
2025Q4,航班不正常保障,广州白云国际机场,3.33
2025Q4,航班不正常保障,西安咸阳国际机场,3.29
2025Q4,航班不正常保障,重庆江北国际机场,3.28
2025Q4,航班不正常保障,三亚凤凰国际机场,3.27
2025Q4,航班不正常保障,南京禄口国际机场,3.25
2025Q4,航班不正常保障,福州长乐国际机场,3.25
2025Q4,航班不正常保障,杭州萧山国际机场,3.25
2025Q4,航班不正常保障,青岛胶东国际机场,3.24
2025Q4,航班不正常保障,成都双流国际机场,3.23
2025Q4,航班不正常保障,烟台蓬莱国际机场,3.23
2025Q4,航班不正常保障,北京首都国际机场,3.22
2025Q4,航班不正常保障,武汉天河国际机场,3.21
2025Q4,航班不正常保障,天津滨海国际机场,3.21
2025Q4,航班不正常保障,温州龙湾国际机场,3.19
2025Q4,航班不正常保障,成都天府国际机场,3.18
2025Q4,航班不正常保障,沈阳桃仙国际机场,3.18
2025Q4,航班不正常保障,长春龙嘉国际机场,3.17
2025Q4,航班不正常保障,珠海金湾机场,3.16
2025Q4,航班不正常保障,无锡硕放国际机场,3.15
2025Q4,航班不正常保障,海口美兰国际机场,3.11
2025Q4,航班不正常保障,济南遥墙国际机场,3.11
2025Q4,航班不正常保障,合肥新桥国际机场,3.11
2025Q4,航班不正常保障,长沙黄花国际机场,3.09
2025Q4,航班不正常保障,昆明长水国际机场,3.09
2025Q4,航班不正常保障,南宁吴圩国际机场,3.09
2025Q4,航班不正常保障,太原武宿国际机场,3.08
2025Q4,航班不正常保障,石家庄正定国际机场,3.07
2025Q4,航班不正常保障,南昌昌北国际机场,3.05
2025Q4,航班不正常保障,宁波栎社国际机场,3.05
2025Q4,航班不正常保障,哈尔滨太平国际机场,3.02
2025Q4,航班不正常保障,郑州新郑国际机场,2.93
2025Q4,航班不正常保障,呼和浩特白塔国际机场,2.91
2025Q4,航班不正常保障,银川河东国际机场,2.90
2025Q4,航班不正常保障,兰州中川国际机场,2.88
